dataset,model,hotel_name,test_rows,MAE,RMSE,R2
baseline_calendar_autoreg,RandomForest,Side Mare Hotel,134,2.867670085356262,3.907435101274999,0.9531940021447811
baseline_calendar_autoreg,RandomForest,Azura Deluxe,134,4.75124233646309,7.326454032625401,0.8620114045651732
baseline_calendar_autoreg,Ridge,Azura Deluxe,134,9.096837568156214,14.45351719604797,0.4629649603716246
baseline_calendar_autoreg,Ridge,Side Mare Hotel,134,9.873245782843846,14.695009490619169,0.33800043648141653
baseline_plus_trends,RandomForest,Side Mare Hotel,120,2.38559950544393,3.0898607358714294,0.9736194450941469
baseline_plus_trends,RandomForest,Azura Deluxe,120,3.8496491975414986,5.885939871531054,0.9174130043656078
baseline_plus_trends,Ridge,Azura Deluxe,120,8.711844704659638,14.828066831593178,0.4758578392931001
baseline_plus_trends,Ridge,Side Mare Hotel,120,10.14958641410027,15.418466931844781,0.343116273882777
