dataset,model,hotel_name,test_rows,MAE,RMSE,R2
baseline_calendar_autoreg,RandomForest,Side Mare Hotel,134,2.8676700853562656,3.9074351012749964,0.9531940021447811
baseline_calendar_autoreg,RandomForest,Azura Deluxe,134,4.751242336463091,7.326454032625403,0.8620114045651731
baseline_calendar_autoreg,Ridge,Azura Deluxe,134,9.096837568156213,14.453517196047963,0.46296496037162516
baseline_calendar_autoreg,Ridge,Side Mare Hotel,134,9.873245782843853,14.695009490619162,0.3380004364814171
baseline_plus_trends,RandomForest,Side Mare Hotel,110,2.4539471789791323,3.1573612264360933,0.9745362014337253
baseline_plus_trends,RandomForest,Azura Deluxe,110,3.8752622437516107,6.132721549559314,0.9169544085308986
baseline_plus_trends,Ridge,Azura Deluxe,110,7.465143850445664,12.997398725091209,0.6269878535577271
baseline_plus_trends,Ridge,Side Mare Hotel,110,7.384711347822209,13.079368303884719,0.5630334568432822
