dataset,model,folds,mean_MAE,std_MAE,mean_RMSE,std_RMSE,mean_R2,std_R2
baseline_calendar_autoreg_walk_forward,RandomForest,4,5.550129716149264,4.067533299703288,8.165544768919238,5.36996337072825,-0.2373983583615054,1.5839442019011414
baseline_calendar_autoreg_walk_forward,Ridge,4,9.62801814847414,4.300916688363976,13.812411821214457,7.085158480668737,-2.070866474922395,4.184109192035412
baseline_plus_trends_walk_forward,RandomForest,4,5.499674252014453,4.0894456740730645,8.034663677608183,5.406661783079725,-0.18382132963079406,1.4956987219673847
baseline_plus_trends_walk_forward,Ridge,4,9.055351454185747,3.7747113869279123,13.030430273764754,6.306262071006833,-1.9727567734738685,3.9747957981485063
