dataset,model,folds,mean_MAE,std_MAE,mean_RMSE,std_RMSE,mean_R2,std_R2
NaivePersistence,RuleBased,4,2.997145604715597,1.109069438464204,4.170071507472249,1.502480107244305,0.6474253324447485,0.44999029523141454
baseline_plus_trends_walk_forward,RandomForest,4,5.534178117024059,4.114038040382745,8.039748204704486,5.404775493263129,-0.17932626847822816,1.4840078276614257
baseline_calendar_autoreg_walk_forward,RandomForest,4,5.550129716149264,4.067533299703288,8.165544768919236,5.369963370728251,-0.23739835836150705,1.5839442019011463
baseline_plus_trends_walk_forward,Ridge,4,8.26889599154773,4.414674285556073,12.251305621698524,6.82683291270535,-0.9272285206501016,2.210310154602679
baseline_calendar_autoreg_walk_forward,Ridge,4,9.628018148474139,4.300916688363977,13.812411821214457,7.085158480668738,-2.070866474922395,4.184109192035414
SeasonalNaive7,RuleBased,4,9.08155521211265,6.908026371711833,14.53730801682244,10.46994269922492,-0.391287098815084,0.521823324475285
