dataset,model,folds,mean_MAE,std_MAE,mean_RMSE,std_RMSE,mean_R2,std_R2
NaivePersistence,RuleBased,4,2.997145604715597,1.109069438464204,4.170071507472249,1.502480107244305,0.6474253324447485,0.44999029523141454
baseline_plus_trends_walk_forward,RandomForest,4,5.499674252014453,4.089445674073067,8.034663677608183,5.406661783079727,-0.18382132963079323,1.4956987219673825
baseline_calendar_autoreg_walk_forward,RandomForest,4,5.550129716149265,4.067533299703287,8.16554476891924,5.369963370728251,-0.23739835836150677,1.583944201901144
baseline_plus_trends_walk_forward,Ridge,4,9.055351454185747,3.7747113869279123,13.030430273764754,6.306262071006833,-1.9727567734738685,3.9747957981485063
baseline_calendar_autoreg_walk_forward,Ridge,4,9.62801814847414,4.300916688363976,13.812411821214457,7.085158480668737,-2.070866474922395,4.184109192035412
SeasonalNaive7,RuleBased,4,9.08155521211265,6.908026371711833,14.53730801682244,10.46994269922492,-0.391287098815084,0.521823324475285
